feature,importance,importance_std
mean_word_prob,0.2487351845529776,0.018262386821163604
guiraud_ttr,0.0745164857012346,0.01484790571713521
mean_no_speech_prob,0.06500150497121603,0.016466761627167096
zcr_mean,0.027719708174741384,0.007420074175247469
silence_ratio,0.02531983349099995,0.005370000914119469
rms_mean,0.019965057288958185,0.007971773967263304
cola_repair_gap,0.018047973106896875,0.005685290381842342
whisper_cola_mean,0.013416946445948139,0.0033430960448441412
literal_word_count,0.013191034209057775,0.0038209881537519834
duration_sec,0.010273549048662275,0.007696965017051185
cola_mean,0.005630700475465433,0.002572175640786429
whisper_cola_min,0.00472992756778845,0.002597124702176219
long_word_rate,0.004293247969897815,0.002304610617914376
gpt2_perplexity,0.004053420377867573,0.0017365233129262123
rms_std,0.003962995188345503,0.00409027663950456
conj_per_sentence,0.002809105729821959,0.0036320443703214715
subordinate_marker_rate,0.002476397623865728,0.0010115217954642488
articulation_rate,0.002410847962277071,0.0025409882244683615
false_start_rate,0.001969544867096426,0.00418744894300624
cola_min,0.0018560024931941893,0.0011979792503744111
cola_std,0.0014037108773734125,0.0008710265672325802
pause_rate_per_word,0.0010988105306191653,0.0009852338561105992
lexical_density,0.000982036580993051,0.000198858359130008
mean_pause_sec,0.0009097518396247867,0.0012513568018715433
mean_compression_ratio,0.0008112018144558197,0.0005924816188340024
gec_wer,0.0005520204171161752,0.0009092084740058666
mean_dep_depth,0.00046402190677610755,0.0010491474169273755
unique_word_ratio,0.0003949916850880253,0.0005709005431919089
function_word_rate,0.0003948798404281445,0.0004196708687436109
avg_word_len,0.0002096834316363122,0.0005613061072474297
speech_rate_wps,0.00012994489232077966,0.0010173034204961654
n_sentences,0.00010669684830834358,0.00022763744874442415
short_sentence_rate,5.2030827919768985e-05,0.0001344758205558898
used_literal_transcript,0.0,0.0
repair_marker_rate,0.0,0.0
gec_sent_changed_rate,0.0,0.0
whisper_cola_low_rate,0.0,0.0
immediate_repeat_rate,0.0,0.0
transcript_missing,0.0,0.0
whisper_is_english,0.0,0.0
ends_incomplete,0.0,0.0
max_pause_sec,0.0,0.0
max_dep_depth,0.0,0.0
cola_low_rate,0.0,0.0
gpt2_log_perplexity,0.0,0.0
filler_rate,-4.625460616515531e-05,0.00033325419416035544
std_sentence_len,-0.00010920420613570736,0.0001618212641037618
fragment_rate,-0.00023744595748100006,0.0005336095431541485
std_word_dur,-0.00026431292766654346,0.002546181213764688
mean_word_dur,-0.0003761752246761868,0.0008012098566634214
pause_ratio,-0.0005443253929770103,0.0010684822122943556
n_words,-0.0009112476325253138,0.0012500340889504396
mean_logprob,-0.0010608550631090313,0.0009723507383207309
whisper_cola_std,-0.0012688967401855572,0.0014630745483741414
mlu_words,-0.0013712029573021145,0.0008464409783376272
clause_per_sentence,-0.002383456274671833,0.003640698603494158
gec_wer_max,-0.0033843548235441973,0.0035952662654983305
