,pearson_r
mean_word_prob,0.667111732459772
mean_logprob,0.6041647782314848
literal_word_count,0.5813186517682819
used_literal_transcript,0.5755463308553441
gec_sent_changed_rate,0.5298370932190422
cola_repair_gap,0.49337755478897527
guiraud_ttr,0.4378208186199099
whisper_cola_mean,0.3906405765439323
zcr_mean,-0.3737841488922361
rms_mean,-0.36824954419501565
whisper_cola_low_rate,-0.3553165581259753
whisper_cola_min,0.2860245795781451
cola_low_rate,0.27579251040893055
std_word_dur,-0.26254900665359154
n_words,0.2525014524496209
cola_mean,-0.22708904092664417
silence_ratio,0.22276353653356715
cola_min,-0.22241372355775763
mean_word_dur,-0.22042023150331608
rms_std,0.2121897962377105
speech_rate_wps,0.2039270425673756
mean_no_speech_prob,-0.19379795024112823
false_start_rate,-0.19365017207706633
articulation_rate,0.19014525258273807
avg_word_len,0.18509220454211842
long_word_rate,0.1753440835465643
unique_word_ratio,0.17295081588897457
n_sentences,0.16925619097950048
lexical_density,0.1435664421431136
mean_pause_sec,-0.12421075377763753
gpt2_perplexity,-0.10826395436469906
max_pause_sec,-0.10644836935813783
function_word_rate,-0.10339529273151084
repair_marker_rate,-0.09822011464004307
duration_sec,0.08738017478734512
subordinate_marker_rate,-0.08367680330015316
whisper_cola_std,-0.08277075700778386
conj_per_sentence,-0.08010446302751811
filler_rate,0.07973875881019711
pause_ratio,-0.07603983384402666
mlu_words,-0.0750681757423147
mean_dep_depth,-0.06135082374493803
mean_compression_ratio,-0.05131747856759554
clause_per_sentence,-0.05057222490909142
short_sentence_rate,0.037180408165557725
ends_incomplete,-0.03435509793322384
gec_wer_max,0.029131412563258942
immediate_repeat_rate,-0.026854816373692133
transcript_missing,-0.02370455358933914
whisper_is_english,0.02370455358933909
max_dep_depth,0.022400182981599816
gec_wer,0.018200278537615067
std_sentence_len,-0.0168461960481182
fragment_rate,-0.01319012778094984
gpt2_log_perplexity,0.00988913017164905
cola_std,-0.009684378062829168
pause_rate_per_word,0.0004238567765178413
