audio_id,label,oof_prediction,train_prediction
audio_192,3.0,2.7232358900535254,3.071774282330242
audio_436,3.0,2.619387297274374,2.7425451992665213
audio_447,3.5,3.2781426693354945,3.7657457154770446
audio_126,2.0,1.8776253233161864,2.1594212877033527
audio_61,2.0,2.4276449182624424,2.3242639590113754
audio_639,2.5,2.8468024327820314,2.867034966014606
audio_703,2.0,2.586288586678451,2.487357075033434
audio_509,3.0,4.536124106139325,4.177335593256337
audio_672,4.0,4.326303652984936,4.208482075496938
audio_344,4.0,3.4544054874748564,3.648480855982482
audio_592,5.0,3.2409750904796057,3.1787759518318293
audio_705,3.0,3.074229905283719,3.199923789758159
audio_497,2.0,3.182739044151281,2.7864930945833417
audio_702,3.0,2.9668782050801052,3.004225690755159
audio_598,2.0,2.433796199385104,2.367816002786479
audio_99,3.5,2.4311332439395237,2.7228588935897977
audio_194,4.0,3.9838156427621207,3.8134941457130553
audio_5055,0.0,-0.07415662948648381,0.03633017502843685
audio_178,3.0,2.7237254915818903,2.580963172687835
audio_609,5.0,4.562193467478189,4.666996088127599
audio_77,4.0,3.6704074560223665,3.6602591663432453
audio_18,4.0,4.136674741748854,4.235162934937943
audio_9,4.0,3.548878806950023,3.8090391808621593
audio_138,2.0,2.456901921143768,1.9753930950268388
audio_269,4.0,2.534709570253269,2.736041228781786
audio_717,4.5,3.8685240472004137,4.123851219460277
audio_529,3.0,3.133217326656511,3.257322634363787
audio_578,4.0,4.121030719962824,3.7656923317041513
audio_171,2.0,2.7079250663057723,2.480535313374408
audio_596,3.0,4.182538410186176,4.33957090911308
audio_5066,0.0,0.5332738475331076,0.13216717844209214
audio_501,3.0,3.183918212472857,3.395163088903539
audio_8,2.0,2.4872697862938686,2.5223017394185177
audio_84,2.5,3.037902260486905,3.0218746385522963
audio_11,3.0,3.117893266519097,2.9517034620296965
audio_142,2.5,3.101638108344793,2.8376330968359222
audio_610,5.0,5.228480491506885,4.943742189005105
audio_654,3.0,2.89578934848683,3.0021467410795992
audio_170,2.5,3.8130232396690023,3.3716785082708944
audio_255,4.5,3.8230417984198524,3.851151134568517
audio_162,3.0,3.595278202726191,3.5242105957600716
audio_5069,0.0,0.4482052300319571,0.08321617332192023
audio_769,3.0,4.2112549175205345,4.327272823698448
audio_720,3.0,3.8659692999404345,3.872859673358256
audio_623,3.0,3.1994761309145185,3.182058552661232
audio_718,4.5,3.356746020531425,3.5622889000360956
audio_136,3.5,3.2606464530282486,3.3458981497444835
audio_119,2.0,2.548169557389755,2.6046000202579878
audio_542,3.0,3.4424589567484065,3.5344589060993354
audio_5073,0.0,0.021989694330481594,0.1324426259180198
audio_322,4.0,3.1672335078145233,2.978102206800708
audio_5039,0.0,0.16096402569844648,0.07377782439998043
audio_707,3.0,2.878754038880974,2.9447066595486855
audio_148,3.5,3.5170680404017185,3.3057154761315304
audio_316,2.0,3.0184915900145413,3.1045574876980355
audio_647,4.5,3.993370252778827,4.054750940686487
audio_286,5.0,4.103935073669171,4.217495361491141
audio_92,4.0,2.953489267137668,3.0690589109826463
audio_462,3.5,3.631653385571987,3.2844551828351136
audio_376,5.0,4.561663060986965,4.829403600816004
audio_76,4.0,3.1271345014564713,3.3785697813043307
audio_105,2.0,1.7441023502148227,1.9519773019629345
audio_355,3.0,2.8647189036188543,3.018093922016372
audio_663,3.0,3.011133625852814,2.9300977971830067
audio_767,4.5,3.6526913463186514,3.6771019538418903
audio_655,5.0,4.896136682862214,4.862596426935977
audio_372,5.0,5.119539767768392,5.0
audio_667,5.0,4.687813306411045,4.606988483251345
audio_517,2.5,2.899788229390767,2.8029753422861345
audio_765,5.0,4.695471361459547,4.708943535663608
audio_38,4.0,3.8929004555717777,3.763852114156139
audio_371,5.0,4.827104862391991,4.871882331385377
audio_507,3.0,2.8685401004992706,2.8284541199942126
audio_5056,0.0,0.2487685782264853,0.00817508211484559
audio_282,5.0,4.495893199438916,4.7454003005653975
audio_459,3.0,3.3056933460905205,3.3177545103216457
audio_303,5.0,4.781549457805468,4.769231391266891
audio_297,4.5,4.306872084921821,4.404025401590496
audio_432,3.5,2.236247471841309,2.5729095120164
audio_454,3.5,3.0303200388268396,3.194647073481584
audio_482,2.0,3.7870543583093523,3.592044614153437
audio_484,2.0,2.8586135811328868,2.7717873281876235
audio_757,4.0,3.2486645077112426,3.461309075214087
audio_773,3.0,3.5093417703363396,3.391687822612261
audio_668,5.0,4.985356621668285,5.0
audio_240,5.0,4.018816253613587,4.16690037988182
audio_163,2.0,2.0527783845199212,2.3176392263421026
audio_659,5.0,4.681294142297513,4.562650041035745
audio_532,3.5,3.3226336487970944,3.3428481318003205
audio_464,2.0,2.6581343207597543,2.800573393934998
audio_5,2.5,2.3396665052959755,2.7249356078913847
audio_231,3.5,3.0545734449389133,2.842605663631163
audio_384,5.0,4.81791993949216,4.986165912002372
audio_54,4.0,3.9773029124417327,3.9855773210718843
audio_656,5.0,4.534581693880187,4.633066786886886
audio_444,3.0,2.4859088526903834,2.7569741147309377
audio_5062,0.0,0.5470121418738677,0.1871534939642114
audio_312,4.5,3.8888567844602013,3.9716452973402347
audio_120,2.5,2.3590019436439023,2.464655653260696
audio_446,3.0,3.2352150094107115,3.077140025288492
audio_546,2.5,3.195264984623732,2.9842271717343123
audio_430,4.0,3.1343936497637066,3.3452690167344845
audio_179,2.0,2.536090785802261,2.467359049544313
audio_674,4.0,3.352836588263597,3.679606943993251
audio_737,3.5,3.2416201865712844,3.167070453872207
audio_669,3.0,3.0284393303512807,2.8801463359696555
audio_540,4.0,3.6907298595495233,3.4161899799694053
audio_692,4.0,2.4986531900147617,2.690558546383553
audio_572,2.0,2.552853004937068,2.505843118140265
audio_479,2.0,2.3294648919339322,2.508298837200413
audio_419,3.0,2.5856209304483295,2.6723238284706095
audio_5037,0.0,0.13774880386619862,0.03186314991490802
audio_433,3.0,2.83776896788959,2.834995324807112
audio_405,5.0,4.665939894319643,4.638215151514589
audio_267,4.0,3.8963626521651347,3.7463078784177637
audio_358,5.0,4.81346416129259,4.708707703304147
audio_331,5.0,4.9325088863348645,4.932404685592655
audio_487,2.5,2.7260847542306315,2.5954879688243793
audio_494,3.0,2.7851492383442644,2.781944608712892
audio_536,2.5,3.8028702557100393,3.420305207929956
audio_634,4.0,2.9853437415713047,3.08467991959187
audio_317,3.5,4.012523844007017,4.117000515804858
audio_5054,0.0,0.21498464456940444,0.0
audio_723,5.0,5.1148970043680055,5.0
audio_155,3.5,3.7490840308440543,3.6797188081173857
audio_410,2.0,2.5901611070942265,2.6350314289806294
audio_251,2.0,2.8971308076974145,2.2457957048020742
audio_779,5.0,4.698258743685874,4.819635441687527
audio_382,4.0,3.8033753198018037,3.9901420788119673
audio_559,3.0,3.216614357680906,3.2326245401042053
audio_161,3.0,3.3242999719227906,3.1499770009418655
audio_535,2.5,3.949212998980197,3.1866164080131103
audio_363,5.0,4.885000230743693,4.466110079526302
audio_5057,0.0,0.21088392952172919,0.00449663194789129
audio_660,4.5,4.216094812528548,4.3860056687620395
audio_293,5.0,4.715893394352517,4.71196378678657
audio_74,4.0,3.5164240629301546,3.6105139300657023
audio_215,4.0,4.571580984968496,4.310781520514002
audio_228,3.0,2.931494784502909,2.924062947145796
audio_602,2.0,3.0372473119755297,2.580416968887289
audio_396,2.0,3.0451215241062894,2.8018644053245274
audio_576,2.0,2.9969560164340154,2.9593763036508687
audio_5040,0.0,1.047423963183606,0.3938850812068113
audio_198,4.0,3.0003461781478094,3.1881275275386365
audio_600,2.0,3.0292106280658992,2.6223079112618612
audio_710,4.0,4.003395772510522,4.030087421435282
audio_246,3.0,3.12606039430435,3.0188920324794872
audio_490,2.5,2.720507113139346,2.756379016720843
audio_657,5.0,4.891387996094552,4.9386680928947495
audio_688,5.0,3.7350310932369064,3.9984102352547604
audio_698,5.0,4.600145691996436,4.5602416673278725
audio_499,2.5,2.2475452184573954,2.424437815181746
audio_463,4.0,3.3297828127089653,3.4206589415708786
audio_604,4.5,4.779475514191255,4.900507994848868
audio_97,4.0,3.4538933202211064,3.643120926584002
audio_234,3.0,4.101117221222763,3.635587158789523
audio_782,5.0,5.122459079811352,5.0
audio_758,4.0,3.0877298646273905,3.2355906686061933
audio_727,4.5,3.9461142876971453,4.05546002157496
audio_643,4.0,2.836652748894281,3.0302746276948977
audio_261,3.0,4.132800402056408,4.008872677622562
audio_205,4.0,3.670338262801156,3.6123054691761314
audio_128,2.0,2.730010868747354,2.7354561125124723
audio_650,5.0,4.855277843430152,4.728813985084957
audio_35,2.0,2.4639147370958425,2.7032847597849083
audio_141,3.0,2.9148226133277686,3.0959839438304644
audio_260,3.5,3.30618907516475,3.293017193429441
audio_722,5.0,5.221242206706972,4.933681661644959
audio_5047,0.0,-0.28249879561287616,0.018949002223754667
audio_324,5.0,5.01331529348091,4.984328060204497
audio_279,5.0,4.63079943304999,4.737419330289497
audio_450,3.0,2.8207231506958346,2.9282769184202877
audio_32,2.5,3.625473405380742,3.5630677921941736
audio_254,3.5,2.966365425243524,3.093844336176927
audio_544,2.0,2.594928335869108,2.3602338921336297
audio_176,4.5,3.719953382596278,3.853817995138372
audio_301,4.5,4.37875020020689,4.250799160173454
audio_213,5.0,4.5859836102712,4.754004926265823
audio_295,5.0,4.799843055623748,4.617652523765385
audio_40,3.0,3.804362941720675,3.6960787976721203
audio_496,2.5,2.311468375149127,2.311666691975992
audio_45,2.5,2.8336120507119755,2.6629285822942577
audio_146,3.0,3.4860246292394192,3.1576407190165217
audio_415,2.5,3.396786628710279,3.205722801151153
audio_595,3.0,3.6929136617396283,3.789268938743331
audio_783,4.0,3.5062291958477405,3.587173444076942
audio_673,5.0,4.85161593891614,4.7661709435780235
audio_48,2.5,3.0366400204897097,3.151000531123163
audio_777,4.5,4.266073402236815,4.347027553076674
audio_330,3.0,3.486860202353264,3.219798910144755
audio_200,3.0,2.8569630198869316,3.0900332965696538
audio_259,4.0,2.9260007751871258,2.8194162119671304
audio_721,3.0,2.892539272095949,2.8561422728387997
audio_223,5.0,5.020419806642425,4.956070829878535
audio_175,4.0,4.219176681564509,4.431986367952223
audio_400,4.0,2.6081354923758626,3.136100101826401
audio_506,2.0,3.132766425780686,2.720717529430266
audio_153,3.0,3.0698133747353458,3.138066293600744
audio_5050,0.0,0.16503852479579867,0.07622264050043552
audio_281,4.5,3.7868876085549346,4.054203218765285
audio_543,3.0,4.193778535734527,3.862198714525742
audio_445,3.0,2.881317999521192,2.7842886730592378
audio_124,2.0,3.356057410061898,3.639582441975211
audio_249,2.0,2.540148155092906,2.369726739078091
audio_420,2.0,3.9133322745127677,3.6231265721764516
audio_203,5.0,4.495431922880303,4.643202930622517
audio_278,5.0,3.6489295802805306,3.831491291044881
audio_516,2.5,2.9203042181643295,2.7813825333981383
audio_326,4.0,3.348316703508121,3.5587846393052027
audio_603,4.5,4.609655718362988,4.709310776094517
audio_199,4.0,3.246948142755247,3.0045062951428387
audio_406,2.5,3.242323073171222,3.158695435066915
audio_538,4.0,4.03056072646909,3.900518421282433
audio_631,5.0,4.578528064850275,4.622517101700304
audio_5061,0.0,0.3379555393480603,0.11085943983362556
audio_196,4.0,3.8734731790219237,4.015184735504666
audio_756,4.0,4.106833973525194,4.251484580032295
audio_649,5.0,4.650572442336794,4.967043854041767
audio_27,2.0,2.806957980069556,2.9458538064685875
audio_681,5.0,4.385532930632989,4.325359442717312
audio_556,2.5,3.216471674617804,3.367822428234057
audio_185,3.0,3.087871903135314,3.196399530301703
audio_369,5.0,4.8421397708670355,5.0
audio_241,4.0,4.910824691653516,4.26992662717514
audio_98,2.5,2.777713452559908,2.7204841538175026
audio_389,5.0,4.846868912459237,4.9513954583659014
audio_357,5.0,3.6183794496831716,3.6802347909110593
audio_112,3.0,2.9217502697019193,3.1829954648465377
audio_675,4.0,4.461762694905295,4.312515834334909
audio_113,4.0,3.4204307774159872,3.308536767690372
audio_483,2.0,3.5890998450513316,3.512851162166938
audio_474,2.0,2.0185567355447236,2.3186836185585107
audio_725,4.5,4.153886091413749,4.004931529017196
audio_774,3.0,3.429063343252827,3.543232545377164
audio_588,2.5,2.6605290602848743,2.562920671164643
audio_395,3.0,3.090770505397635,2.9407905186536896
audio_210,5.0,4.855945587145642,4.666179912952442
audio_309,3.0,3.0506875298727465,3.265250045051713
audio_457,3.0,3.382218008267557,3.5414017340161736
audio_492,2.5,2.7230767955369135,2.638197781471627
audio_738,5.0,3.799111565958843,4.026590021470198
audio_305,5.0,5.099338723473548,5.0
audio_123,3.5,3.3305688521821315,3.1151374112857173
audio_5053,0.0,0.14815200538988646,0.030397652205870693
audio_89,2.5,2.3342814504523988,2.4214350774475424
audio_747,3.0,2.9441673310541634,2.9126288666119073
audio_115,2.0,1.784818436302304,2.0648580256946905
audio_235,3.0,2.594918761148207,2.708548916523848
audio_414,3.5,2.889520095019711,2.952368120400364
audio_56,2.0,2.299033714899942,2.2431656605058383
audio_43,3.5,3.205840444512772,3.1018696044061365
audio_394,5.0,5.21501844231061,5.0
audio_423,3.0,3.4654798660162283,3.2730450705754763
audio_579,4.0,3.454085622358564,3.366977361907031
audio_172,3.0,2.75909564582822,2.932053459555732
audio_144,5.0,4.197671846884288,4.483580882603102
audio_151,2.5,2.5830036091301736,2.5229783435969533
audio_65,1.5,2.669449915594511,2.312348514434101
audio_481,2.0,3.0601270633204165,3.001853000834555
audio_262,4.0,3.879463236210634,3.998503795501796
audio_229,4.5,4.59828341591463,4.650322608968807
audio_22,4.0,3.496411885562405,3.6971305120356877
audio_434,3.5,2.876640498709785,2.871998180839721
audio_488,3.0,2.682886403791308,2.9724419271786156
audio_439,3.0,3.017422961047283,2.984102377219376
audio_160,2.0,2.8715003115019986,2.7782177881226304
audio_594,3.0,3.854725951573549,4.006529177149756
audio_651,5.0,4.817942713772492,4.872385107818418
audio_569,3.0,2.6690213981595607,2.6977378923423014
audio_440,2.0,2.4957354610124365,2.6930985473482596
audio_658,5.0,4.7814229865245705,4.803804860182719
audio_274,3.0,3.155530574370185,3.421283475787021
audio_5065,0.0,0.2514761396979356,0.39633804934588646
audio_158,2.5,3.0484443312557827,2.5637652814416367
audio_493,4.0,3.5030813461407613,3.5352166184282816
audio_646,4.5,4.110599795150887,4.386470334513167
audio_64,2.5,2.8460440545417542,3.4303176328371654
audio_451,2.5,2.763311582485347,2.6466110896975303
audio_277,3.5,4.008981154444902,3.876224707268029
audio_491,2.5,2.427330859769895,2.585312673527651
audio_52,2.0,2.7725376380273583,2.749384364560971
audio_743,4.0,3.655579231461928,3.4643439274079544
audio_243,3.0,2.8732753513135068,2.648596708996169
audio_661,5.0,4.228006701924332,4.45316407839694
audio_456,3.0,2.892347391762795,2.982300929023631
audio_90,4.0,3.6369366452183884,3.754078673754163
audio_735,4.0,2.437692799465399,2.6774685092162733
audio_775,4.5,4.0512672412651805,4.228000938700733
audio_587,2.5,2.6400742553735665,2.759199222560918
audio_103,2.5,2.5368318910273695,2.2826546978004054
audio_111,3.5,3.3927204584297543,3.493442361060356
audio_421,2.0,3.3101129829664906,3.034889004140803
audio_683,4.0,4.716852669171291,4.501369882894696
audio_152,3.0,3.4950774293101277,3.4695052252222083
audio_134,3.0,2.55317658558677,2.712836571007822
audio_12,4.5,3.621537474318181,3.7924112993297396
audio_232,3.0,3.323190420546358,3.078458114560722
audio_36,3.0,3.0026715528959573,3.0889636862151164
audio_268,5.0,4.069863425121573,4.544413549226629
audio_68,2.0,3.00299518391532,2.6186833385448107
audio_729,3.0,3.3989137357463517,3.312334813781266
audio_247,4.5,3.9171368795197727,3.9955878413185437
audio_224,5.0,3.6589640356932875,3.975592621948826
audio_425,3.0,2.6599817559980443,2.806169252720209
audio_392,5.0,4.7213646699908445,4.618172504710132
audio_615,4.0,3.11814688300001,3.1936060604691052
audio_245,3.5,3.9969845448313257,4.100455948247548
audio_271,3.5,3.1136755682748474,3.0889701157029292
audio_321,2.0,3.092552406929602,2.984748261024351
audio_5043,0.0,0.4605989786140598,0.006057661299281827
audio_187,5.0,4.774392854570385,4.775043836872532
audio_221,4.0,4.440559838210864,4.732684607768382
audio_219,5.0,4.398187819271849,4.360053482065099
audio_601,2.0,3.0158619807788782,2.532740830236765
audio_100,2.5,2.0614999766930575,2.493664990645654
audio_227,4.5,4.2164327244965065,4.271313186721988
audio_411,2.0,2.8772794166791487,2.6371229622908032
audio_28,3.0,3.1742943591099304,3.521754001116846
audio_653,2.5,2.3636025869247237,2.466683965386973
audio_29,3.0,3.524630999373197,3.5549777660616964
audio_470,2.5,2.6448616998322496,2.6875733532669632
audio_356,3.5,3.448016984014712,3.626741943971568
audio_365,2.0,2.373892564103147,2.354353773311089
audio_58,2.5,3.6344590618417634,3.584299252685103
audio_708,3.0,3.3055864510801114,3.1843315353053647
audio_319,4.5,4.939753060875506,4.856105033531755
audio_5067,0.0,0.0010761439985951925,0.0
audio_135,4.0,4.280939717849163,4.014751893724783
audio_612,4.0,4.362652804945075,4.066071921443987
audio_373,5.0,4.9308243556206985,4.95555625225047
audio_680,5.0,4.21827678190344,4.225856243202754
audio_63,4.0,4.626414883787193,4.535494052166085
audio_700,2.5,3.281568906314903,3.3205564113074315
audio_429,4.0,3.2605515953196154,3.259265214457367
audio_745,5.0,4.365425531180748,4.42094400548116
audio_731,2.0,2.812880093985097,2.806576261932039
audio_461,5.0,4.390834886482094,4.764646971262887
audio_79,2.0,2.4756845129587224,2.227189896701373
audio_5038,0.0,0.21739949804557218,0.03324033356190352
audio_760,4.0,3.7669396776863917,3.907314496251042
audio_72,2.0,2.4798952154207683,2.5127853109074274
audio_696,5.0,4.550394608187005,4.629276563767131
audio_744,4.0,3.774036180429835,3.743750058040449
audio_662,5.0,4.427480062672211,4.643517348314369
audio_570,3.0,2.987244249573766,3.0123930287143637
audio_10,3.0,2.666323691867112,2.8468061943635963
audio_628,2.5,2.865630710559835,2.8616006081871728
audio_606,3.5,2.796584600049981,2.9456543495706096
audio_73,4.0,3.224431438025485,3.292253113577369
audio_605,4.0,3.479235402896278,3.5584762725670407
audio_106,3.5,3.5363453701879277,3.6770200234484967
audio_306,5.0,4.670470850850044,4.6001446411488995
audio_75,2.0,2.9666578685441753,3.218282926798195
audio_550,3.5,3.9536384008835634,3.937161686236676
audio_340,5.0,4.162737778410536,4.1570458994079065
audio_272,3.0,3.030963683364989,3.5058969925277377
audio_518,3.5,2.570179305360873,2.768025707903722
audio_34,2.0,3.2267073734754352,2.902169048304019
audio_87,2.0,2.690371727588584,2.7052666170642343
audio_211,5.0,4.548611044023418,4.618008627413908
audio_431,3.0,2.6440762746263813,2.731186453617054
audio_555,5.0,3.9599596578420684,4.082843853514361
audio_648,5.0,3.692640073803341,4.0916297492377325
audio_5051,0.0,0.23037840799057593,0.0
audio_422,2.0,3.325707234128045,3.5268858204798206
audio_627,2.5,3.0413464829565817,3.0136564206909315
audio_122,5.0,3.907885293923465,4.357370633501229
audio_88,3.5,3.3999113826027387,3.4260500564268677
audio_165,2.5,2.8019142491257774,2.6435849837880787
audio_276,3.5,2.9791768184547194,3.052593754014424
audio_746,5.0,4.702013873247483,4.79474339844369
audio_252,3.5,2.9016738974920777,3.085989879745903
audio_266,4.0,3.025190788827102,3.085941384722347
audio_611,4.5,3.0090875329777718,3.3403980240199607
audio_5058,0.0,-0.3547987497104661,0.0
audio_81,3.0,3.049207952896982,3.0684426713709736
audio_3,3.0,2.5271044460782517,2.7758183604388225
audio_21,2.0,1.9404167868570903,2.6223562745103246
audio_190,3.0,3.055575510965374,2.9860620650578626
audio_189,5.0,4.945405684039983,4.851708602044002
audio_519,3.0,3.5298496642195722,3.297041661364614
audio_748,2.5,2.654665592676664,2.7077995687846657
audio_505,3.0,2.5610031476141426,2.686398598721819
audio_361,4.0,4.018304822497719,3.912761836679811
audio_5052,0.0,0.4002191339574856,0.1521771386266203
audio_16,4.0,3.556022134848287,3.9668964513187004
audio_327,5.0,5.528132804670771,5.0
audio_313,3.0,3.1196821287301546,3.197167135717742
audio_589,2.5,2.542617962492404,2.5644343217354173
audio_416,3.5,3.832572508440513,3.659925896182883
audio_762,5.0,4.796563773063581,4.773800206897865
audio_714,3.0,2.9085505344879476,2.8848954383890066
audio_455,3.0,3.0260563402963263,2.8000991400388475
audio_42,3.0,2.5913281325128987,2.8300151569691967
audio_561,4.0,3.841380767254739,3.7413945923647995
audio_226,3.0,2.8386719931536195,2.7072939262332607
audio_110,3.5,3.3700463771070686,3.50097275926542
audio_739,5.0,4.019866614922805,4.157475630191508
audio_504,3.5,2.505575459713681,2.7873265547460364
audio_379,4.0,4.548257316484465,4.283599273551094
audio_520,2.5,2.6563989217299295,2.807956586220818
audio_5068,0.0,0.18464387576845467,0.10002923610065403
audio_30,2.0,3.063752844587255,2.968647389712688
audio_5041,0.0,-0.16665502016498876,0.0
audio_485,3.0,2.444348925111197,2.8204483018471387
audio_475,2.0,2.529810364770364,2.4202139951141017
audio_145,4.0,3.1129299510717283,3.4280969313287413
audio_308,5.0,4.3562990116019895,4.522930428824749
audio_184,3.0,2.9812849948753115,2.9184572555646415
audio_586,2.5,2.8528760352337454,3.0574897772924676
audio_398,3.5,4.653828665364987,4.521324038101687
audio_726,5.0,3.547661450726823,3.7980126831719527
audio_466,3.0,3.205782506283962,2.925667336863172
audio_218,5.0,4.558350098306935,4.740613081916827
audio_644,3.0,3.211009178976939,3.080845635761735
audio_351,3.0,3.0627645895081197,2.8341535687385195
audio_248,5.0,3.9458234927468254,4.37947212332348
audio_83,3.0,4.427956160854509,3.7953288312643343
audio_71,2.0,2.8184792435959864,2.7568272778100815
audio_287,5.0,4.677068715548521,4.576139315322316
audio_367,2.0,2.279574515558546,2.589609539038285
audio_166,3.0,3.301571699093024,3.170507479252028
audio_94,2.0,2.5127882411844142,2.483996601562764
audio_108,1.0,3.083416389374576,2.5885139047648567
audio_511,4.0,4.073018415540564,4.205637968344775
audio_5059,0.0,0.31343144194629297,0.2825796255536402
audio_310,5.0,3.3951337351863256,3.7551222906465465
audio_50,3.0,3.928340877593056,3.559300137449646
audio_6,3.0,2.8458806289906953,3.04360260464477
audio_515,2.5,2.6621676196660315,2.788632130553995
audio_742,4.5,4.022127178911323,4.31846193628141
audio_545,2.5,2.987458071267066,2.9998810584045175
audio_489,3.0,3.1746670546016564,2.977578802448877
audio_697,5.0,5.118907965733049,4.8476135214940745
audio_225,3.0,2.8713533635525064,2.9316822727708653
audio_553,2.0,2.9630927382133003,2.9585824635731783
audio_237,3.0,3.212222252804673,3.2400562482138975
audio_197,4.5,4.72365670369576,4.713582909817822
audio_449,4.0,3.5633207748509257,3.748617140040261
audio_567,3.0,2.644148426556464,2.8677322302192874
audio_477,2.0,3.482474289746175,3.3933604570396794
audio_728,3.0,2.8722738160568646,2.8472782442038023
audio_377,4.0,2.8276069991604142,2.853664756209602
audio_633,5.0,3.7471335175581357,3.8378221116209894
audio_690,4.0,2.6245853289244874,3.2117926164232222
audio_525,4.5,4.240586857298151,4.1393958322813145
audio_31,3.0,3.491428875804666,3.5259476542396744
audio_676,4.0,3.7545267302999923,4.13250148670161
audio_263,4.0,4.453591062575148,4.537898468249936
audio_5070,0.0,-0.24932912537662824,0.0
audio_510,3.0,4.223690491823624,4.121812619721455
audio_577,4.0,3.610374310328849,3.5616023242088426
audio_230,4.5,5.014271130988538,4.920697340172522
audio_314,3.5,2.7900733791580015,3.013038150433334
audio_641,4.0,2.2829270485304076,2.943021365114857
audio_689,4.0,3.2207748845325352,3.320855157487485
audio_352,4.5,3.8171747376531813,4.064025873563046
audio_193,4.0,3.734298132387123,3.848533572466799
audio_5049,0.0,-0.24455060397312828,0.0
audio_300,5.0,5.157392287656832,5.0
audio_581,1.5,2.65931542044485,2.5436300549644493
audio_164,2.5,2.305824015138995,2.50920125992136
audio_502,3.0,2.8361811643830594,3.184373340761852
audio_380,4.0,4.02524388933138,4.178045683812639
audio_15,2.0,3.399645454602205,3.1074929847856847
audio_238,4.0,2.476781973125288,2.894089702313537
audio_53,3.0,2.9199855182347014,3.0162473215960754
audio_283,4.0,3.5403495071211286,3.992575013950548
audio_614,4.5,4.28268144376779,4.452947495510619
audio_121,2.5,3.7305353412648805,3.6064021925264758
audio_216,4.0,3.6376884233999838,4.174754131832448
audio_552,2.0,3.9139350853489154,3.482683413232887
audio_514,2.5,3.201820477195166,2.7614377325217294
audio_593,5.0,3.6452153879852496,3.866647036694817
audio_565,3.0,2.326133705376513,2.5024619439248545
audio_140,3.0,3.293736546352656,2.993612007768434
audio_117,2.5,3.334654156744008,3.1103149620733688
audio_495,4.0,3.0841897292277016,3.302917486806368
audio_652,3.0,3.067472761889777,2.710810651495115
audio_645,3.0,2.4456480716757367,2.678714706118248
audio_242,2.0,2.6852109504223027,2.7383170923927542
audio_4,2.5,3.1919678629163752,2.8323708453910768
audio_93,2.0,2.856584093777985,2.8052835029248806
audio_582,2.0,2.8540640615956567,2.5116361566349283
audio_222,5.0,4.679345000702119,4.76365717980371
audio_5042,0.0,0.4726467336075903,0.03991139554563181
audio_253,3.5,3.1447795024306706,3.1929493626990246
audio_167,3.0,3.955807968477754,3.8519279305138032
audio_583,3.0,2.800029581804373,2.9108531260747794
audio_682,5.0,4.238497964338533,4.558569242564692
audio_5045,0.0,1.4139260421362136,0.3675821939275067
audio_173,3.0,2.5596167344304943,2.624171169229458
audio_338,5.0,4.933685295005078,4.929911151052566
audio_188,5.0,4.814671364387788,4.969648268676306
audio_59,3.0,2.4323979600392107,2.9703800657461437
audio_318,5.0,4.1340949696205405,4.1977853691311005
audio_17,2.0,2.9716064648360367,2.636334936756026
audio_551,2.0,3.465519069865752,3.21791258335419
audio_275,4.0,3.3286601884924947,3.3016547746461025
audio_368,5.0,5.286358284398632,5.0
audio_730,3.0,3.038657053489845,3.0086616043623535
audio_5060,0.0,0.5653131001371401,0.2689313368684954
audio_685,3.0,3.6235494290030528,3.582466069837794
audio_7,3.0,2.536838474601407,2.555973658056577
audio_204,5.0,4.556117844639885,4.65171420289375
audio_5064,0.0,0.20621841058837279,0.2267398129630096
audio_127,3.5,3.431992737123779,2.820374369447556
audio_412,2.0,2.543379350987491,2.390362274880604
audio_132,2.0,2.506904343858624,2.493832751212718
audio_156,3.5,3.504804120645425,3.4657078689489698
audio_426,2.0,3.0642858768437473,2.6995167330242813
audio_709,4.0,3.8266871441326473,4.0436785819241035
audio_291,5.0,4.513737234821085,4.562520902319541
audio_523,3.5,3.3662320207445786,3.431714207795823
audio_632,4.5,3.4276228196432426,3.6497963815320538
audio_684,3.0,2.934846934555047,3.146013058517178
audio_512,2.5,3.023688176783444,2.6103843917656073
audio_764,5.0,4.62245870562681,4.743873174074314
audio_585,3.0,3.2199813417080105,3.1152487031606837
audio_562,2.0,2.4278931630888243,2.403618652055422
audio_465,3.5,3.12782280842074,3.113248210972238
audio_37,3.0,3.446983584212314,3.550001891597029
audio_47,3.0,3.5145510666970448,3.4759341926146385
audio_233,3.0,3.386558267127698,3.0859315701000556
audio_621,5.0,4.39360208483196,4.643300483624918
audio_590,3.0,2.852170775839353,2.540329905435483
audio_349,3.5,2.934016542778921,3.1124416909258112
audio_387,5.0,4.847031924129264,5.0
audio_630,3.5,3.287249133606181,3.2437367156435046
audio_5046,0.0,-0.10767491162580647,0.0
audio_183,3.0,3.0821987124789865,3.2370034418442875
audio_607,4.0,3.194825511081797,3.0544641018377816
audio_133,3.0,2.6918342739604975,2.8640146928237233
audio_443,3.0,2.4755225798802765,2.5889536163066778
audio_55,2.0,3.215625146949177,2.6907682863484457
audio_686,3.0,3.2096908273600095,3.2432333595248997
audio_740,4.0,4.05031924237833,3.8334412069606363
audio_699,2.5,2.939247896631944,3.168035435873221
audio_44,4.0,4.185811155506279,4.304164206370206
audio_500,3.5,2.43074448981818,2.834775567629191
audio_265,2.5,2.7343682325749734,2.6349729054553204
audio_125,2.0,2.357937598579677,2.406494886285063
audio_413,4.0,3.677093760857391,4.122665140661585
audio_256,4.5,3.637926765890815,3.814022280385643
audio_350,4.5,4.639490106274134,4.636534028433576
audio_364,5.0,4.983056027378745,5.0
audio_131,2.5,2.0139263080276044,2.5057529271055223
audio_168,3.5,3.2590976463259183,3.125479032553867
audio_557,3.5,3.277896215859061,3.483345387546017
audio_670,3.0,2.9127289790878748,3.0557319558688913
audio_342,4.5,4.57954790128247,4.481150834266728
audio_2,2.5,2.38588689417209,2.3803165468232184
audio_5048,0.0,-0.012484548795821872,0.12362459593194691
audio_741,4.0,2.3699433056629147,2.900338346358601
audio_294,4.0,3.8164886744475575,3.9773130304118816
audio_370,5.0,4.300677878313781,4.35104199916475
audio_417,3.5,3.194511854876339,3.3702081760056486
audio_753,4.0,4.281739636362546,4.104551229997101
audio_533,3.0,3.135696123565823,3.1428712507981693
audio_239,4.5,4.876166971270488,4.643456577356615
audio_566,3.0,2.602163776715907,2.6295619274625435
audio_736,4.0,3.8391109323075456,3.8278009015174352
audio_541,2.0,2.6305269381851093,2.567347692903987
audio_531,3.5,2.893340494295081,3.29610114706955
audio_280,5.0,4.569711242664566,4.528051790335135
audio_33,4.0,3.8784312001954513,4.039987056423613
audio_307,5.0,4.295103497231019,4.324916817653052
audio_617,4.5,3.4464276888624616,3.6311936068736848
audio_613,5.0,4.368504605799145,4.430997021720154
audio_472,2.5,2.8429609273867937,2.448757757917693
audio_568,3.0,2.6122521081637795,2.8002701560484566
audio_521,4.0,4.39369565369086,4.174539605809806
audio_401,5.0,4.19053726337932,4.397469146778657
audio_573,2.5,2.433551093956622,2.61779698674717
audio_180,3.0,3.3057267562379202,2.936525501017455
audio_320,3.5,3.4529953445198696,3.6781918268500644
audio_85,3.0,3.3135742529847354,3.4104437278202444
audio_296,2.0,2.7054619700261164,2.6675553990274814
audio_250,3.0,3.328698484627513,3.074672718011284
audio_346,5.0,4.441619541963944,4.389520606209182
audio_335,4.0,3.67989196456223,3.8805432680961025
audio_20,2.0,1.4966336347184075,2.2824803018722477
audio_5071,0.0,0.37895246142683575,0.08079044111479547
audio_558,4.0,3.818590343390851,3.5137207207307735
audio_289,2.5,2.7686977024842374,2.7359913004426732
audio_620,5.0,5.187150829519869,5.0
audio_665,3.0,2.457601037008039,2.659026099852419
audio_751,4.0,4.070088084428564,3.9846925370541157
audio_442,2.0,2.5298174875865267,2.6762271917143843
audio_362,5.0,4.9188649454601805,5.0
audio_311,3.5,2.836500537401555,3.240244651678728
audio_724,5.0,5.364080803227203,5.0
audio_39,3.0,2.9091464046741087,2.9432478330143175
audio_290,2.0,1.9392492158634913,2.1668212871705523
audio_23,2.5,2.864947454517045,3.034823818650676
audio_624,3.0,3.797442904988611,3.5422129001114318
audio_206,5.0,4.3382893987599775,4.586124218334483
audio_288,4.5,3.459249718876582,3.6653088699429976
audio_60,3.0,3.2891214703340412,3.1692162892904197
audio_80,2.0,3.227863674679399,2.832282790532976
audio_214,4.0,4.294149390402679,4.318830990569593
audio_599,2.0,2.915665580857375,2.8032590640486266
audio_5063,0.0,-0.0657541639434755,0.0
audio_207,4.0,4.282946226725375,4.245878506521667
audio_438,3.0,3.092804262677726,2.9644887609952963
audio_332,5.0,4.647404712021837,4.868766298449217
audio_159,5.0,3.1395776063105982,3.1890281914181813
audio_478,2.0,2.612514987525097,2.6096641571615526
audio_46,3.0,2.9512788345121788,3.0386138043559874
audio_130,3.0,2.819822221647987,2.8953449669439895
audio_437,2.5,2.8256070256854553,2.677767899481608
audio_771,5.0,3.9153426859436546,4.220085516992671
audio_759,4.0,3.8945920513755503,3.678245710559879
audio_25,3.0,3.27437669726238,3.3680812481113174
audio_191,3.0,3.0174712201108,2.8611647025485505
audio_182,3.0,2.8063815599715856,3.012029734108507
audio_236,3.0,3.0294747437414764,3.08630742188158
audio_24,3.0,3.015821462012343,2.961384177824264
audio_428,3.0,2.632247060766984,2.892187680700919
audio_678,5.0,5.04734765599175,5.0
audio_591,2.0,2.7179290323847924,2.649752516488419
audio_597,2.0,2.884622918852199,2.868183794395464
audio_580,1.5,2.2651863362443017,1.9808693277574563
audio_19,3.0,3.4132387665077224,3.416832527397834
audio_476,2.0,2.74277249852801,2.7858279652513924
audio_375,3.5,2.7363749929981456,2.865437170091146
audio_642,3.0,2.5586282394152473,2.9150334507968996
audio_66,2.0,2.726870464912509,2.8382081519689213
audio_186,5.0,4.695260639919404,4.744097383691894
audio_713,4.0,3.9695038765169985,3.7715338094117388
audio_354,3.5,3.5945861040731972,3.5622854183102466
audio_768,5.0,4.841464058591232,4.794161300249588
audio_14,3.5,3.820694923305868,4.1088774287326215
audio_208,4.0,4.137490748821203,4.072853787148762
audio_418,2.5,3.1339022772114467,2.8472024936354248
audio_212,5.0,3.6200372803725682,3.8601163555369284
audio_177,2.0,3.726543679511794,3.702941319788439
audio_503,2.5,3.0170310251795107,2.856236133089573
audio_564,2.0,2.54886605425986,2.5955559729440822
audio_257,4.5,3.476725179534263,3.4091198340758084
audio_408,4.0,3.481718730701607,3.7674751414334713
audio_468,2.5,2.500586357168709,2.659380199509762
audio_574,2.5,3.1718764797287293,3.0261227339177816
audio_26,4.0,2.7164073267541538,3.0960520844918
audio_480,3.0,2.947432125373537,2.971120569229171
audio_706,3.0,3.0257396139792756,3.0992067139611734
audio_57,2.5,3.276885783013424,3.148981773908916
audio_209,5.0,4.271829299266661,4.431320255807747
audio_712,4.0,4.267958730770342,4.18257802163446
audio_353,3.0,2.867022330211793,3.0432186326581303
audio_575,2.0,3.2321193810186384,2.777972134695387
audio_383,3.5,4.305760017614981,4.098429504872827
audio_781,5.0,4.379467428014354,4.4775918780250805
audio_118,4.5,3.469082604920623,3.7468967856747826
audio_337,5.0,5.030063203521669,5.0
audio_715,3.0,3.4118912301198985,3.412152093438095
audio_323,3.5,2.8279993394391285,2.881828284154145
audio_374,4.0,3.991891242910624,3.7115799373270337
audio_348,3.5,2.641455526159135,2.922405996507866
audio_547,3.0,2.6652816151446705,3.028191377984255
audio_41,4.0,4.3391890457820095,3.8055434297194446
audio_284,4.5,4.43463280034627,4.630035758078974
audio_13,3.0,3.4090760286999973,3.347111101767393
audio_548,3.5,3.3168048298280497,3.430981677039391
audio_687,4.5,4.789119920572364,4.945752824824927
audio_104,2.5,2.8414326517342596,2.857404821222842
audio_181,3.0,3.2415266364495765,3.059219979842164
audio_755,4.0,4.088403263623655,4.181486130453371
audio_733,5.0,3.2543209986906265,3.7928327311138252
audio_5072,0.0,0.03194816633128615,0.0
audio_776,4.5,4.496201065287905,4.619354809963176
audio_70,2.0,2.7104313191540643,2.7429207931637154
audio_49,3.0,2.955561887739423,2.8687856070394577
audio_527,5.0,4.16236568026001,4.2749620899696
audio_273,3.5,3.163116462057688,3.1967578097762974
audio_139,4.0,4.017661997021565,4.257549026961137
audio_467,3.0,2.6594979087726633,2.793953945206507
audio_407,4.5,4.335028864111831,4.426152625320748
audio_404,4.5,4.466223595030615,4.417561157499704
audio_534,3.0,3.5545575245275716,3.5232626330998538
audio_96,3.0,2.6002627999235526,2.950143245457453
audio_137,2.5,3.2028636346783044,2.8758162204517337
audio_150,2.5,2.5804869454426558,2.6465115531121595
audio_339,5.0,4.51420889930597,4.658297446799995
audio_409,5.0,4.903650155312419,4.914496045681759
audio_78,2.0,2.3891896494156972,2.561977741538336
audio_244,3.5,3.428176286566774,3.5770638845199807
audio_752,4.0,3.9795919096461625,3.944193485852486
audio_508,3.0,3.1014516366677074,3.422584611639005
audio_664,2.5,2.469224089883612,2.6943779772710625
audio_701,2.5,3.0280634476679693,2.9845953175045
audio_5044,0.0,3.125318354670035,1.372757528682014
audio_734,4.5,3.422542914186943,3.2127195412282488
audio_51,3.0,2.996191019063816,3.1929811015824505
audio_704,2.0,2.690819262094901,2.7646305856279194
audio_129,3.5,4.147701488249658,4.409359192236877
audio_107,4.0,3.3802717678306147,3.4397412843431194
audio_143,5.0,3.636628330292569,3.778562230123682
audio_458,3.0,4.258045395682651,3.975362406990881
audio_424,3.0,2.8558972416260655,2.721572379616928
audio_563,2.0,3.3027247655144647,2.8309344663185656
audio_625,2.5,2.7075275836378196,2.824461980651151
audio_302,5.0,3.3112494117074913,3.351769540262088
audio_154,3.0,3.6232447761400084,3.443100949693491
audio_754,4.0,3.5165383936813064,3.5235442783745947
audio_749,3.0,2.3730508717332333,2.5176126212262426
audio_366,5.0,4.967068185540811,4.695985030724401
audio_693,3.0,2.5159053784250305,2.6674713393394445
audio_608,5.0,5.028806489973885,4.973729818878214
audio_220,4.0,4.718671773679638,4.733475467111745
audio_761,4.0,3.5764599154768635,3.5845060805304767
audio_640,3.0,3.276530870356068,3.203965139954728
audio_67,4.0,4.2665561216263015,4.340186924278494
audio_299,4.0,3.9217846601704967,4.200686151346135
audio_102,2.0,2.8258799277659636,2.6581622392848008
audio_258,3.5,3.247306360444706,3.0197642440820736
audio_679,4.5,5.024735312489903,4.921340916881885
audio_82,4.0,4.0812836336434115,4.017415115345665
audio_325,5.0,3.970296406216193,4.468542399366697
audio_399,3.0,3.0319395572440606,2.909854915287713
audio_285,4.0,4.248930375799058,4.205783273385532
audio_784,4.5,4.25913542453641,4.485586052693941
audio_0,3.0,3.1590094715433157,3.0964301081894363
audio_435,3.5,3.547615640340488,3.5413773332459764
audio_91,5.0,3.870346222315087,4.206687053465358
audio_109,2.0,2.633331830395108,2.284606560945784
audio_772,3.0,3.3628188924658318,3.457924364947884
audio_270,3.5,2.438478512382614,2.6547965123016746
audio_528,2.5,3.275211671640936,2.8381854396278356
audio_441,2.0,2.5671458493181705,2.268924513973
audio_381,5.0,4.514766440687605,4.568194451751601
audio_86,2.0,2.9146867021129497,2.7882835136148283
audio_101,4.0,3.021257787170009,3.102025014693623
audio_333,4.5,3.8435382002259266,3.6645376807272414
audio_149,2.5,2.243497003812424,2.4713286411996216
audio_719,3.0,3.3800983230331445,3.5376655339834024
audio_638,3.0,3.496877776679375,3.392635867296357
audio_147,3.0,2.2671793819636634,2.7396867335731816
audio_62,4.0,3.8077716149829133,4.176272626367209
audio_763,5.0,4.336466609695426,4.405128106769091
audio_498,2.0,2.5549252496805566,2.3250455815298943
audio_1,3.5,2.9934819574845135,3.4446595454083853
audio_304,5.0,5.037979398277698,5.0
audio_347,5.0,4.106037256388577,4.216454921198447
audio_560,4.0,4.277289209632451,4.149210424106487
audio_452,3.5,2.889823546025271,2.9365166199589003
audio_716,4.5,3.7271383182074342,3.6411240536802794
audio_473,2.0,2.706809724419238,2.453064082123517
audio_95,4.0,3.656317539789107,4.048561095380423
audio_732,4.0,3.31270538427473,3.228527107485706
audio_292,5.0,4.342723300765109,4.41747978359965
audio_469,2.5,2.6448008198931574,2.697965706725041
audio_329,2.0,2.722007028798435,2.8292616718138763
audio_169,2.0,3.042164340785773,2.8171777930655804
audio_174,2.5,2.999889268759662,2.9396144031257876
audio_513,2.5,2.7236692933836326,2.638947253146893
audio_584,3.0,3.455593909722972,3.441536490174992
audio_345,5.0,5.09069833648929,5.0
audio_750,4.0,4.061070424578637,3.917854019799685
audio_116,3.0,2.7702527967018633,2.961149118891284
audio_114,2.5,3.1055906349726046,2.8582103116281186
audio_157,3.0,2.9353693219938637,3.0044676359699443
audio_385,4.5,4.2793312361560885,4.580842487983014
audio_264,2.5,2.6305842960406953,2.642969104495735
audio_390,5.0,5.117192671593135,5.0
audio_766,4.5,4.191874625355272,4.171946206696319
audio_571,2.0,2.3054677538308517,2.0795833465984805
audio_393,4.5,4.716718633457482,4.507900769423472
audio_691,4.0,2.848078714857749,3.202274564465426
