filename,label
audio_804.wav,3.31339
audio_1028.wav,3.31339
audio_865.wav,3.31339
audio_774.wav,3.54323
audio_1138.wav,3.31339
audio_278.wav,3.83149
audio_1212.wav,3.31339
audio_178.wav,2.58096
audio_542.wav,3.53446
audio_248.wav,4.37947
audio_872.wav,3.31339
audio_954.wav,3.31339
audio_853.wav,3.31339
audio_171.wav,2.48054
audio_922.wav,3.31339
audio_915.wav,3.31339
audio_1220.wav,3.31339
audio_1225.wav,3.31339
audio_903.wav,3.31339
audio_748.wav,2.70780
audio_284.wav,4.63004
audio_200.wav,3.09003
audio_1255.wav,3.31339
audio_1246.wav,3.31339
audio_1102.wav,3.31339
audio_1300.wav,3.31339
audio_80.wav,2.83228
audio_1041.wav,3.31339
audio_256.wav,3.81402
audio_328.wav,3.31339
audio_301.wav,4.25080
audio_938.wav,3.31339
audio_1055.wav,3.31339
audio_664.wav,2.69438
audio_89.wav,2.42144
audio_407.wav,4.42615
audio_1025.wav,3.31339
audio_72.wav,2.51279
audio_1316.wav,3.31339
audio_661.wav,4.45316
audio_822.wav,3.31339
audio_956.wav,3.31339
audio_1329.wav,3.31339
audio_1218.wav,3.31339
audio_1286.wav,3.31339
audio_1166.wav,3.31339
audio_1231.wav,3.31339
audio_501.wav,3.39516
audio_188.wav,4.96965
audio_746.wav,4.79474
audio_218.wav,4.74061
audio_168.wav,3.12548
audio_689.wav,3.32086
audio_234.wav,3.63559
audio_670.wav,3.05573
audio_241.wav,4.26993
audio_1226.wav,3.31339
audio_47.wav,3.47593
audio_220.wav,4.73348
audio_548.wav,3.43098
audio_674.wav,3.67961
audio_450.wav,2.92828
audio_1326.wav,3.31339
audio_128.wav,2.73546
audio_430.wav,3.34527
audio_376.wav,4.82940
audio_502.wav,3.18437
audio_67.wav,4.34019
audio_1134.wav,3.31339
audio_33.wav,4.03999
audio_817.wav,3.31339
audio_780.wav,3.31339
audio_309.wav,3.26525
audio_1039.wav,3.31339
audio_765.wav,4.70894
audio_353.wav,3.04322
audio_940.wav,3.31339
audio_1258.wav,3.31339
audio_1170.wav,3.31339
audio_1011.wav,3.31339
audio_769.wav,4.32727
audio_324.wav,4.98433
audio_599.wav,2.80326
audio_828.wav,3.31339
audio_1294.wav,3.31339
audio_585.wav,3.11525
audio_904.wav,3.31339
audio_1291.wav,3.31339
audio_902.wav,3.31339
audio_529.wav,3.25732
audio_1006.wav,3.31339
audio_827.wav,3.31339
audio_909.wav,3.31339
audio_947.wav,3.31339
audio_952.wav,3.31339
audio_647.wav,4.05475
audio_841.wav,3.31339
audio_261.wav,4.00887
audio_14.wav,4.10888
audio_681.wav,4.32536
audio_818.wav,3.31339
audio_1046.wav,3.31339
audio_976.wav,3.31339
audio_714.wav,2.88490
audio_1207.wav,3.31339
audio_1217.wav,3.31339
audio_27.wav,2.94585
audio_1131.wav,3.31339
audio_682.wav,4.55857
audio_1059.wav,3.31339
audio_846.wav,3.31339
audio_988.wav,3.31339
audio_34.wav,2.90217
audio_1186.wav,3.31339
audio_1142.wav,3.31339
audio_257.wav,3.40912
audio_1092.wav,3.31339
audio_117.wav,3.11031
audio_744.wav,3.74375
audio_449.wav,3.74862
audio_1270.wav,3.31339
audio_935.wav,3.31339
audio_858.wav,3.31339
audio_686.wav,3.24323
audio_929.wav,3.31339
audio_41.wav,3.80554
audio_483.wav,3.51285
audio_530.wav,3.31339
audio_1158.wav,3.31339
audio_130.wav,2.89534
audio_962.wav,3.31339
audio_505.wav,2.68640
audio_966.wav,3.31339
audio_989.wav,3.31339
audio_464.wav,2.80057
audio_1165.wav,3.31339
audio_1200.wav,3.31339
audio_554.wav,3.31339
audio_481.wav,3.00185
audio_245.wav,4.10046
audio_453.wav,3.31339
audio_1099.wav,3.31339
audio_327.wav,5.00000
audio_854.wav,3.31339
audio_13.wav,3.34711
audio_358.wav,4.70871
audio_1104.wav,3.31339
audio_236.wav,3.08631
audio_373.wav,4.95556
audio_701.wav,2.98460
audio_612.wav,4.06607
audio_161.wav,3.14998
audio_472.wav,2.44876
audio_967.wav,3.31339
audio_267.wav,3.74631
audio_709.wav,4.04368
audio_534.wav,3.52326
audio_298.wav,3.31339
audio_995.wav,3.31339
audio_24.wav,2.96138
audio_1163.wav,3.31339
audio_855.wav,3.31339
audio_652.wav,2.71081
audio_1069.wav,3.31339
audio_415.wav,3.20572
audio_1090.wav,3.31339
audio_766.wav,4.17195
audio_568.wav,2.80027
audio_885.wav,3.31339
audio_108.wav,2.58851
audio_1179.wav,3.31339
audio_377.wav,2.85366
audio_390.wav,5.00000
audio_692.wav,2.69056
audio_508.wav,3.42258
audio_357.wav,3.68023
audio_273.wav,3.19676
audio_1180.wav,3.31339
audio_668.wav,5.00000
audio_1187.wav,3.31339
audio_452.wav,2.93652
audio_335.wav,3.88054
audio_268.wav,4.54441
audio_330.wav,3.21980
audio_637.wav,3.31339
audio_339.wav,4.65830
audio_1088.wav,3.31339
audio_397.wav,3.31339
audio_1136.wav,3.31339
audio_153.wav,3.13807
audio_99.wav,2.72286
audio_249.wav,2.36973
audio_590.wav,2.54033
audio_57.wav,3.14898
audio_749.wav,2.51761
audio_978.wav,3.31339
audio_981.wav,3.31339
audio_563.wav,2.83093
audio_531.wav,3.29610
audio_787.wav,3.31339
audio_1079.wav,3.31339
audio_550.wav,3.93716
audio_641.wav,2.94302
audio_1001.wav,3.31339
